{
  "var": "gov_index_zmean",
  "sd_target": 5.5232021351783205,
  "sd_var": 0.9210834404139059,
  "summary": {
    "FE": {
      "model_type": "RegressionResultsWrapper",
      "coef": 1.658494898999204,
      "std_err": 0.6780941334370445,
      "pvalue": 0.014505934665765736,
      "n_obs": 3390,
      "conf_int": [
        0.3289516230096059,
        2.9880381749888025
      ],
      "mapped_exog_name": "x1",
      "mapped_index": 1,
      "mapped_to_feature": "gov_index_zmean",
      "standardized": 0.2765808945773411,
      "magnitude": "large"
    },
    "OLS": {
      "model_type": "RegressionResultsWrapper",
      "coef": -0.7811827533478354,
      "std_err": 0.15581658176900612,
      "pvalue": 5.345533021196165e-07,
      "n_obs": 3390,
      "conf_int": [
        -1.0865776418092277,
        -0.475787864886443
      ],
      "mapped_exog_name": null,
      "mapped_index": null,
      "mapped_to_feature": null,
      "standardized": -0.13027488048333055,
      "magnitude": "moderate"
    },
    "ElasticNet": {
      "model_type": "ElasticNetCV",
      "coef": -0.6956130023089342,
      "std_err": null,
      "pvalue": null,
      "n_obs": null,
      "conf_int": null,
      "mapped_exog_name": null,
      "mapped_index": null,
      "mapped_to_feature": null,
      "standardized": -0.1160047381359642,
      "magnitude": "moderate"
    }
  },
  "ml_diag": {
    "elasticnet_vs_ols_ratio": 0.8904612900474522,
    "elasticnet_shrinkage_abs": true
  }
}