{
  "var": "trade_exposure",
  "sd_target": 5.5232021351783205,
  "sd_var": 0.5925754369108269,
  "summary": {
    "FE": {
      "model_type": "RegressionResultsWrapper",
      "coef": 3.5082166451640227,
      "std_err": 0.45452263295447703,
      "pvalue": 1.5628615029366757e-14,
      "n_obs": 3390,
      "conf_int": [
        2.6170313647861057,
        4.399401925541939
      ],
      "mapped_exog_name": "x2",
      "mapped_index": 2,
      "mapped_to_feature": "trade_exposure",
      "standardized": 0.37639089796209096,
      "magnitude": "large"
    },
    "OLS": {
      "model_type": "RegressionResultsWrapper",
      "coef": 0.6790422151109139,
      "std_err": 0.22216162239797957,
      "pvalue": 0.0022391994245330366,
      "n_obs": 3390,
      "conf_int": [
        0.24361343646388695,
        1.114470993757941
      ],
      "mapped_exog_name": null,
      "mapped_index": null,
      "mapped_to_feature": null,
      "standardized": 0.07285334258136006,
      "magnitude": "moderate"
    },
    "ElasticNet": {
      "model_type": "ElasticNetCV",
      "coef": 0.4068439118091507,
      "std_err": null,
      "pvalue": null,
      "n_obs": null,
      "conf_int": null,
      "mapped_exog_name": null,
      "mapped_index": null,
      "mapped_to_feature": null,
      "standardized": 0.043649626230279875,
      "magnitude": "small"
    }
  },
  "ml_diag": {
    "elasticnet_vs_ols_ratio": 0.5991437686134099,
    "elasticnet_shrinkage_abs": true
  }
}