feature,vif
exports_usd_ln_safe,3017.8948860946894
imports_usd_ln_safe,2843.4187070700727
fdi_inflow_usd_ln_safe,362.9047247025182
trade_exposure,3.6219113239688245
gov_index_zmean,1.328473735293587
inflation_consumer_prices_pct,1.1809165455681196
