feature,coef
gov_index_zmean,-0.6426808977504084
trade_exposure,0.3663712590305623
inflation_consumer_prices_pct,-0.44038715608048573
