{
  "n_obs": 3390,
  "df_model": 192.0,
  "aic": 21169.782403375364,
  "bic": 22352.599347047642,
  "rsquared": 0.1570800535013247,
  "rsquared_adj": 0.10645739797184528,
  "resid_skewness": 0.7116018567175001,
  "resid_kurtosis": 46.424672526833206,
  "cooks_d_max": 16.50162491292323,
  "leverage_max": 0.9999999999999993,
  "generated_at": "2025-11-17T14:46:09.499204Z"
}