{
  "coef": 3.5082166451640227,
  "std_err": 0.45452263295447703,
  "pvalue": 1.5628615029366757e-14,
  "conf_int": [
    2.6170313647861057,
    4.399401925541939
  ],
  "n_obs": 3390,
  "model_type": "RegressionResultsWrapper",
  "mapped_exog_name": "x2",
  "mapped_index": 2,
  "mapped_to_feature": "trade_exposure"
}