{
  "FE": {
    "coef": -0.027972993658411934,
    "std_err": 0.006736245737870123,
    "pvalue": 3.372968152969786e-05,
    "conf_int": [
      -0.04118079149143996,
      -0.01476519582538391
    ],
    "n_obs": 3390,
    "model_type": "RegressionResultsWrapper",
    "mapped_exog_name": "x3",
    "mapped_index": 3,
    "mapped_to_feature": "inflation_consumer_prices_pct"
  },
  "OLS": {
    "coef": -0.03003264844647955,
    "std_err": 0.0068672512810809775,
    "pvalue": 1.2237432550015198e-05,
    "conf_int": [
      -0.04349221363018481,
      -0.016573083262774287
    ],
    "n_obs": 3390,
    "model_type": "RegressionResultsWrapper"
  },
  "ElasticNet": {
    "coef": -0.47666488603018964,
    "shrinkage": true,
    "model_type": "ElasticNetCV",
    "feature_index": 2,
    "feature_name": "inflation_consumer_prices_pct"
  }
}