{
  "coef": -0.7811827533478354,
  "std_err": 0.15581658176900612,
  "pvalue": 5.345533021196165e-07,
  "conf_int": [
    -1.0865776418092277,
    -0.475787864886443
  ],
  "n_obs": 3390,
  "model_type": "RegressionResultsWrapper"
}