{
  "coef": 0.6790422151109139,
  "std_err": 0.22216162239797957,
  "pvalue": 0.0022391994245330366,
  "conf_int": [
    0.24361343646388695,
    1.114470993757941
  ],
  "n_obs": 3390,
  "model_type": "RegressionResultsWrapper"
}