{
  "coef": -0.03003264844647955,
  "std_err": 0.0068672512810809775,
  "pvalue": 1.2237432550015198e-05,
  "conf_int": [
    -0.04349221363018481,
    -0.016573083262774287
  ],
  "n_obs": 3390,
  "model_type": "RegressionResultsWrapper"
}